	DCid	Species	GSMID	Factor	Cell_line	Cell_type	Tissue_type	FastQC	UniquelyMappedRatio	PBC	PeaksFoldChangeAbove10	FRiP	PeaksUnionDHSRatio	Organization
244	1820	Homo sapiens	GSM521887	H3K27ac	IMR90	Fibroblast	Lung	31.0	0.6975	0.973	13388.0	0.48629	0.9766	University of California, San Diego
245	1821	Homo sapiens	GSM469967	H3K27ac	IMR90	Fibroblast	Lung	29.0	0.7388	0.97	21330.0	0.583339	0.9678	University of California, San Diego
246	1822	Homo sapiens	GSM469966	H3K27ac	IMR90	Fibroblast	Lung	28.0	0.6556	0.988	8116.0	0.34937375	0.9738	University of California, San Diego
1234	9242	Homo sapiens	GSM946850	H3K27ac	MCF-7	Epithelium	Breast	37.0	0.8146	0.984	17.0	0.0049705	0.8152753108349999	Ohio State University 
1237	9245	Homo sapiens	GSM946854	H3K27ac	HCT-116	None	Colon	39.0	0.8342	0.966	0.0	0.000325206231135	1.0	Ohio State University 
1287	33098	Homo sapiens	GSM1115993	H3K27ac	MCF-7	Epithelium	Breast	38.0	0.7811	0.955	2024.0	0.23793525	0.9416	UCSD
1288	33099	Homo sapiens	GSM1115992	H3K27ac	MCF-7	Epithelium	Breast	37.0	0.5579	0.955	2684.0	0.26764425	0.9476	UCSD
1296	33133	Homo sapiens	GSM986077	H3K27ac	MCF-7	Epithelium	Breast	37.0	0.8965	0.972	9579.0	0.5575445	0.9762	Cancer Research UK Cambridge Institute
1298	33140	Homo sapiens	GSM986079	H3K27ac	MCF-7	Epithelium	Breast	37.0	0.8912	0.974	9492.0	0.53977575	0.9774	Cancer Research UK Cambridge Institute
1299	33141	Homo sapiens	GSM986080	H3K27ac	MCF-7	Epithelium	Breast	37.0	0.8988	0.974	11076.0	0.57895375	0.971	Cancer Research UK Cambridge Institute
1302	33153	Homo sapiens	GSM986078	H3K27ac	MCF-7	Epithelium	Breast	37.0	0.8506	0.973	10726.0	0.56923875	0.9744	Cancer Research UK Cambridge Institute
1303	33161	Homo sapiens	GSM894065	H3K27ac	U87	None	Brain	38.0	0.7346	0.931	1372.0	0.1982715	0.9746	Whitehead Institute for Biomedical Research
1397	33781	Homo sapiens	GSM1059386	H3K27ac	MCF-7	Epithelium	Breast	37.0	0.7484	0.964	417.0	0.02947925	0.9582	University of Chicago
1556	35378	Homo sapiens	GSM646476	H3K27ac	NHLF	Fibroblast	Lung	31.0	0.8101	0.979	601.0	0.13386925	0.97	UCLA
1566	35394	Homo sapiens	GSM646435	H3K27ac	K562	Erythroblast	Bone Marrow	21.0	0.465	0.868	1958.0	0.2242555	0.9572	UCLA
1572	35400	Homo sapiens	GSM646434	H3K27ac	K562	Erythroblast	Bone Marrow	23.0	0.5611	0.973	5843.0	0.29638375	0.9624	UCLA
1591	35423	Homo sapiens	GSM646477	H3K27ac	NHLF	Fibroblast	Lung	25.0	0.6666	0.964	4999.0	0.3316245	0.9732	UCLA
1597	35430	Homo sapiens	GSM646456	H3K27ac	NHEK	Keratinocyte	Skin	22.0	0.621	0.978	4060.0	0.36139775	0.9682	UCLA
1619	35455	Homo sapiens	GSM646457	H3K27ac	NHEK	Keratinocyte	Skin	1.0	0.4212	0.975	5837.0	0.39650375	0.9792	UCLA
1831	36604	Homo sapiens	GSM646356	H3K27ac	HepG2	Epithelium	Liver	27.0	0.8431	0.968	3176.0	0.34853475	0.9458	UCLA
1840	36617	Homo sapiens	GSM646355	H3K27ac	HepG2	Epithelium	Liver	26.0	0.7941	0.967	2512.0	0.30100025	0.9508	UCLA
1849	36626	Homo sapiens	GSM646316	H3K27ac	GM12878	B Lymphocyte	Blood	17.0	0.2923	0.981	1181.0	0.23750525	0.9498	UCLA
1852	36629	Homo sapiens	GSM646317	H3K27ac	GM12878	B Lymphocyte	Blood	24.0	0.6803	0.98	641.0	0.139176954587	0.9422	UCLA
2221	39026	Homo sapiens	GSM1038443	H3K27ac	A549	Epithelium	Lung	31.0	0.8582	0.982	6709.0	0.405087	0.9598	University of Virginia
2230	39046	Homo sapiens	GSM1038444	H3K27ac	A549	Epithelium	Lung	30.0	0.8802	0.982	3710.0	0.34196225	0.966	University of Virginia
2409	41276	Homo sapiens	GSM1055818	H3K27ac	IMR90	Fibroblast	Lung	39.0	0.0404	0.857	144.0	0.06654506691930001	0.850823529412	Case Western Reserve University
2410	41277	Homo sapiens	GSM1055819	H3K27ac	IMR90	Fibroblast	Lung	38.0	0.0373	0.851	65.0	0.0486684939492	0.8665486725660001	Case Western Reserve University
2439	41622	Homo sapiens	GSM1154047	H3K27ac	IMR90	Fibroblast	Lung	38.0	0.6664	0.938	14560.0	0.50148175	0.974	Case Western Reserve University
2561	42163	Homo sapiens	GSM1224664	H3K27ac	HCT-116	None	Colon	39.0	0.7845	0.993	3419.0	0.15124975	0.9696	NYU School of Medicine
2562	42164	Homo sapiens	GSM1224665	H3K27ac	HCT-116	None	Colon	39.0	0.5728	0.986	4536.0	0.26647675	0.9718	NYU School of Medicine
2600	42273	Homo sapiens	GSM1233889	H3K27ac	GM12878	B Lymphocyte	Blood	37.0	0.9776	0.655	4956.0	0.669626	0.9696	Stanford University
2601	42274	Homo sapiens	GSM1233890	H3K27ac	GM12878	B Lymphocyte	Blood	36.0	0.9718	0.809	4135.0	0.68363375	0.9694	Stanford University
2602	42275	Homo sapiens	GSM1233891	H3K27ac	GM12878	B Lymphocyte	Blood	36.0	0.9768	0.782	5235.0	0.6912355	0.9698	Stanford University
2603	42276	Homo sapiens	GSM1233892	H3K27ac	GM12878	B Lymphocyte	Blood	37.0	0.9746	0.923	3639.0	0.5252835	0.9674	Stanford University
2604	42277	Homo sapiens	GSM1233893	H3K27ac	GM12878	B Lymphocyte	Blood	37.0	0.9711	0.912	3352.0	0.50009425	0.964	Stanford University
2605	42278	Homo sapiens	GSM1233894	H3K27ac	GM12878	B Lymphocyte	Blood	37.0	0.9745	0.919	3097.0	0.51315375	0.9666	Stanford University
2606	42279	Homo sapiens	GSM1233895	H3K27ac	GM12878	B Lymphocyte	Blood	37.0	0.9743	0.915	3504.0	0.524816	0.966	Stanford University
2630	42315	Homo sapiens	GSM1233935	H3K27ac	GM12891	Lymphoblastoid	Blood	36.0	0.9784	0.92	2410.0	0.54663625	0.9684	Stanford University
2631	42316	Homo sapiens	GSM1233936	H3K27ac	GM12891	Lymphoblastoid	Blood	36.0	0.969	0.892	4380.0	0.66893325	0.9712	Stanford University
2632	42317	Homo sapiens	GSM1233937	H3K27ac	GM12891	Lymphoblastoid	Blood	36.0	0.978	0.812	4533.0	0.6759505	0.97	Stanford University
2645	42335	Homo sapiens	GSM1233957	H3K27ac	GM12892	Lymphoblastoid	Blood	36.0	0.9579	0.758	5471.0	0.6973205	0.9702	Stanford University
2646	42336	Homo sapiens	GSM1233958	H3K27ac	GM12892	Lymphoblastoid	Blood	36.0	0.9687	0.846	3740.0	0.65048025	0.9706	Stanford University
2647	42337	Homo sapiens	GSM1233959	H3K27ac	GM12892	Lymphoblastoid	Blood	36.0	0.9743	0.821	4411.0	0.6713275	0.967	Stanford University
2829	43040	Homo sapiens	GSM1246865	H3K27ac	Jurkat	T Lymphocyte	Blood	39.0	0.7309	0.977	539.0	0.10615175	0.9108	Whitehead Institute for Biomedical Research
2936	43591	Homo sapiens	GSM1296384	H3K27ac	Jurkat	T Lymphocyte	Blood	38.0	0.8563	0.987	2870.0	0.36021025	0.9722	Whitehead Institute for Biomedical Research
3109	45147	Homo sapiens	GSM1003493	H3K27ac	A549	Epithelium	Lung	38.0	0.8006	0.978	4400.0	0.46323	0.9782	ENCODE DCC
3115	45154	Homo sapiens	GSM1003578	H3K27ac	A549	Epithelium	Lung	37.0	0.8381	0.983	3164.0	0.436322	0.9766	ENCODE DCC
3126	45166	Homo sapiens	GSM1010912	H3K27ac	AG04450	Fibroblast	Fetal Lung	37.0	0.6654	0.988	5375.0	0.17218325	0.9712	ENCODE DCC
3164	45210	Homo sapiens	GSM733771	H3K27ac	GM12878	B Lymphocyte	Blood	19.0	0.3865	0.986	2184.0	0.3090485	0.9614	ENCODE DCC
3207	45272	Homo sapiens	GSM945853	H3K27ac	HCT-116	None	Colon	39.0	0.8541	0.987	2333.0	0.29644425	0.9704	ENCODE DCC
3228	45299	Homo sapiens	GSM733743	H3K27ac	HepG2	Epithelium	Liver	26.0	0.8133	0.975	3944.0	0.38416725	0.9578	ENCODE DCC
3301	45394	Homo sapiens	GSM733656	H3K27ac	K562	Erythroblast	Bone Marrow	24.0	0.5311	0.959	5233.0	0.317511	0.9666	ENCODE DCC
3319	45432	Homo sapiens	GSM945854	H3K27ac	MCF-7	Epithelium	Breast	38.0	0.8202	0.995	71.0	0.06436975	0.9324	ENCODE DCC
3359	45480	Homo sapiens	GSM733674	H3K27ac	NHEK	Keratinocyte	Skin	24.0	0.5184	0.984	6409.0	0.43939725	0.9798	ENCODE DCC
3372	45497	Homo sapiens	GSM733646	H3K27ac	NHLF	Fibroblast	Lung	27.0	0.7315	0.982	3696.0	0.29608775	0.9738	ENCODE DCC
3397	45528	Homo sapiens	GSM818826	H3K27ac	PANC-1	None	Pancreas	38.0	0.8527	0.993	73.0	0.1168665	0.965	ENCODE DCC
3779	48264	Homo sapiens	GSM1333956	H3K27ac	GM12878	B Lymphocyte	Blood	38.0	0.9137	0.976	5115.0	0.41210375	0.959	STANFORD UNIVERSITY
3780	48281	Homo sapiens	GSM1333973	H3K27ac	GM12878	B Lymphocyte	Blood	39.0	0.8748	0.99	4884.0	0.34068200000000004	0.9652	STANFORD UNIVERSITY
3781	48282	Homo sapiens	GSM1333974	H3K27ac	GM12878	B Lymphocyte	Blood	38.0	0.89	0.988	464.0	0.071821521424	0.8992	STANFORD UNIVERSITY
3782	48283	Homo sapiens	GSM1333975	H3K27ac	GM12878	B Lymphocyte	Blood	39.0	0.8761	0.991	4687.0	0.3318085	0.9642	STANFORD UNIVERSITY
3783	48284	Homo sapiens	GSM1333976	H3K27ac	GM12878	B Lymphocyte	Blood	38.0	0.8928	0.988	2710.0	0.26965875	0.9536	STANFORD UNIVERSITY
3784	48285	Homo sapiens	GSM1333977	H3K27ac	GM12878	B Lymphocyte	Blood	39.0	0.8977	0.985	7035.0	0.44411275	0.9642	STANFORD UNIVERSITY
3785	48286	Homo sapiens	GSM1333978	H3K27ac	GM12878	B Lymphocyte	Blood	38.0	0.9126	0.977	5635.0	0.4220405	0.959	STANFORD UNIVERSITY
3786	48287	Homo sapiens	GSM1333979	H3K27ac	GM12878	B Lymphocyte	Blood	38.0	0.8819	0.985	2778.0	0.22812825	0.941	STANFORD UNIVERSITY
3787	48288	Homo sapiens	GSM1333980	H3K27ac	GM12878	B Lymphocyte	Blood	38.0	0.9164	0.979	5714.0	0.4367470000000001	0.9586	STANFORD UNIVERSITY
3851	48739	Homo sapiens	GSM1383859	H3K27ac	MCF-7	Epithelium	Breast	35.0	0.7912	0.969	3043.0	0.245355	0.9536	Garvan Institute of Medical Research
3892	48971	Homo sapiens	GSM1402796	H3K27ac	MCF-7	Epithelium	Breast	38.0		0.985	25.0	0.0053611863428500005	0.826464208243	University of Virginia
3893	48972	Homo sapiens	GSM1402797	H3K27ac	MCF-7	Epithelium	Breast	38.0	0.8407	0.945	347.0	0.0541005	0.8856	University of Virginia
3894	48973	Homo sapiens	GSM1402798	H3K27ac	MCF-7	Epithelium	Breast	38.0	0.8434	0.95	795.0	0.08479550000000001	0.9338	University of Virginia
3895	48974	Homo sapiens	GSM1402799	H3K27ac	MCF-7	Epithelium	Breast	38.0		0.975	153.0	0.025235	0.8735436893200001	University of Virginia
3896	48975	Homo sapiens	GSM1402800	H3K27ac	MCF-7	Epithelium	Breast	38.0	0.8677	0.92	181.0	0.100102	0.9132	University of Virginia
3897	48976	Homo sapiens	GSM1402801	H3K27ac	MCF-7	Epithelium	Breast	38.0	0.8895	0.943	209.0	0.128919	0.9198	University of Virginia
3927	49283	Homo sapiens	GSM1431909	H3K27ac	Jurkat	T Lymphocyte	Blood	38.0	0.8569	0.963	121.0	0.0393785	0.9432	Mount Sinai Hospital
3960	49412	Homo sapiens	GSM1442703	H3K27ac	IMR90	Fibroblast	Lung	38.0	0.866	0.7120000000000001	8052.0	0.343085	0.9572	UCLA
3961	49413	Homo sapiens	GSM1442704	H3K27ac	IMR90	Fibroblast	Lung	38.0	0.7927	0.778	333.0	0.01133025	0.905665214048	UCLA
4000	49529	Homo sapiens	GSM1465028	H3K27ac	HCT-116	None	Colon	39.0	0.7992	0.983	2082.0	0.12784825	0.963	University of Southern California Graduate Student
4001	49530	Homo sapiens	GSM1465029	H3K27ac	HCT-116	None	Colon	37.0	0.8571	0.997	496.0	0.0672745	0.9544	University of Southern California Graduate Student
4116	50354	Homo sapiens	GSM1418963	H3K27ac	IMR90	Fibroblast	Lung	37.0	0.9334	0.979	11361.0	0.53718475	0.9784	University of Pennsylvania
4117	50355	Homo sapiens	GSM1418964	H3K27ac	IMR90	Fibroblast	Lung	37.0	0.9295	0.981	9793.0	0.4882295	0.9796	University of Pennsylvania
4191	50564	Homo sapiens	GSM1519634	H3K27ac	Jurkat	T Lymphocyte	Blood	37.0	0.8244	0.992	4181.0	0.25968025	0.9726	Whitehead Institute for Biomedical Research
4192	50568	Homo sapiens	GSM1519638	H3K27ac	Jurkat	T Lymphocyte	Blood	37.0	0.8088	0.993	3172.0	0.24382975	0.9688	Whitehead Institute for Biomedical Research
4193	50572	Homo sapiens	GSM1519642	H3K27ac	Jurkat	T Lymphocyte	Blood	37.0	0.8307	0.99	3984.0	0.2832645	0.972	Whitehead Institute for Biomedical Research
4247	51146	Homo sapiens	GSM1415876	H3K27ac	HCT-116	None	Colon	37.0	0.902	0.92	1859.0	0.303707495763	0.9496	UCLA
4566	53130	Homo sapiens	GSM1330734	H3K27ac	BJ	Fibroblast	Skin	38.0	0.655	0.934	2791.0	0.08678125	0.9622	Institute of Molecular and Cell Biology (IMCB), A-Star, Singapore
4693	53708	Homo sapiens	GSM1603210	H3K27ac	Jurkat	T Lymphocyte	Blood	9.0	0.5752	0.972	251.0	0.0759025	0.8938	UT Southwestern Medical Center
4694	53709	Homo sapiens	GSM1603211	H3K27ac	Jurkat	T Lymphocyte	Blood	9.0	0.5799	0.98	211.0	0.078985	0.9098	UT Southwestern Medical Center
4755	54185	Homo sapiens	GSM1693017	H3K27ac	MCF-7	Epithelium	Breast	33.0	0.8035	0.989	950.0	0.10190475	0.9566	Dana-Farber Cancer Institute
4765	54237	Homo sapiens	GSM1697882	H3K27ac	Jurkat	T Lymphocyte	Blood	36.0	0.826	0.97	11148.0	0.56555025	0.9736	Whitehead Institute for Biomedical Research
4779	54475	Homo sapiens	GSM1382472	H3K27ac	MCF-7	Epithelium	Breast	38.0	0.8298	0.889	1303.0	0.11933325	0.901	UniversitÃ© de Sherbrooke
4780	54476	Homo sapiens	GSM1382473	H3K27ac	MCF-7	Epithelium	Breast	38.0	0.8412	0.933	1045.0	0.115764	0.904	UniversitÃ© de Sherbrooke
4787	54485	Homo sapiens	GSM1382482	H3K27ac	MCF-7	Epithelium	Breast	38.0	0.8431	0.893	903.0	0.0972605	0.8882	UniversitÃ© de Sherbrooke
4788	54486	Homo sapiens	GSM1382483	H3K27ac	MCF-7	Epithelium	Breast	38.0	0.8394	0.935	998.0	0.11946875	0.9094	UniversitÃ© de Sherbrooke
4811	54651	Homo sapiens	GSM1523087	H3K27ac	MCF-7	Epithelium	Breast	39.0	0.3425	0.979	986.0	0.104414718528	0.9576	UCSD
4812	54652	Homo sapiens	GSM1523088	H3K27ac	MCF-7	Epithelium	Breast	39.0	0.743	0.951	5179.0	0.219272	0.9696	UCSD
4813	54653	Homo sapiens	GSM1523089	H3K27ac	MCF-7	Epithelium	Breast	39.0	0.8448	0.979	90.0	0.0185510230382	0.936809544852	UCSD
4814	54654	Homo sapiens	GSM1523090	H3K27ac	MCF-7	Epithelium	Breast	39.0	0.8511	0.984	80.0	0.014244504021	0.943689320388	UCSD
4815	54655	Homo sapiens	GSM1523091	H3K27ac	MCF-7	Epithelium	Breast	39.0	0.8411	0.966	532.0	0.09774775	0.961	UCSD
4816	54656	Homo sapiens	GSM1523092	H3K27ac	MCF-7	Epithelium	Breast	39.0	0.8649	0.978	301.0	0.06348325	0.9566	UCSD
5059	55230	Homo sapiens	GSM1599155	H3K27ac	GM12878	B Lymphocyte	Blood	39.0	0.8879	0.779	53.0	0.01182675	0.8464240903389999	The University of Iowa
5060	55231	Homo sapiens	GSM1599156	H3K27ac	GM12878	B Lymphocyte	Blood	39.0	0.9223	0.929	15.0	0.000582895083544	0.777777777778	The University of Iowa
5061	55232	Homo sapiens	GSM1599157	H3K27ac	GM12878	B Lymphocyte	Blood	39.0	0.8685	0.565	25.0	0.0012305	0.7371428571430001	The University of Iowa
5062	55233	Homo sapiens	GSM1599158	H3K27ac	GM12878	B Lymphocyte	Blood	39.0	0.8967	0.6859999999999999	24.0	0.001155	0.76170212766	The University of Iowa
5063	55234	Homo sapiens	GSM1599159	H3K27ac	GM12878	B Lymphocyte	Blood	39.0	0.8474	0.421	20.0	0.001021	0.574257425743	The University of Iowa
5064	55235	Homo sapiens	GSM1599160	H3K27ac	GM12878	B Lymphocyte	Blood	39.0	0.8752	0.479	21.0	0.0008215	0.6043956043959999	The University of Iowa
5065	55236	Homo sapiens	GSM1599161	H3K27ac	GM12878	B Lymphocyte	Blood	39.0	0.8538	0.486	24.0	0.0010655	0.535714285714	The University of Iowa
5066	55237	Homo sapiens	GSM1599162	H3K27ac	GM12878	B Lymphocyte	Blood	39.0	0.8521	0.517	26.0	0.00112575	0.539682539683	The University of Iowa
5090	55438	Homo sapiens	GSM1666206	H3K27ac	GM12878	B Lymphocyte	Blood	39.0	0.8912	0.933	51.0	0.001926	0.523489932886	The University of Iowa
5091	55439	Homo sapiens	GSM1666207	H3K27ac	GM12878	B Lymphocyte	Blood	39.0	0.8946	0.927	48.0	0.00169375	0.537414965986	The University of Iowa
5092	55440	Homo sapiens	GSM1666208	H3K27ac	GM12878	B Lymphocyte	Blood	39.0	0.872	0.742	37.0	0.001466	0.51724137931	The University of Iowa
5093	55441	Homo sapiens	GSM1666209	H3K27ac	GM12878	B Lymphocyte	Blood	39.0	0.7877	0.568	35.0	0.0019485	0.488372093023	The University of Iowa
5139	55731	Homo sapiens	GSM1782704	H3K27ac	K562	Erythroblast	Bone Marrow	37.0	0.8513	0.836	2451.0	0.260266	0.964	CeMM Research Center for Molecular Medicine of the Austrian Academy of Sciences
5143	55742	Homo sapiens	GSM1782738	H3K27ac	K562	Erythroblast	Bone Marrow	39.0	0.8718	0.972	324.0	0.05385	0.9348	CeMM Research Center for Molecular Medicine of the Austrian Academy of Sciences
5264	56499	Homo sapiens	GSM1652918	H3K27ac	K562	Erythroblast	Bone Marrow	36.0	0.9163	0.912	3659.0	0.3912915	0.9656	University Stuttgart
5280	56571	Homo sapiens	GSM1670897	H3K27ac	HepG2	Epithelium	Liver	38.0	0.9318	0.88	2118.0	0.3692475	0.9586	Novartis Institutes for BioMedical Research
5291	56597	Homo sapiens	GSM1680101	H3K27ac	BE2-C	Neuroblast	Brain	37.0	0.8809999999999999	0.986	363.0	0.11929075	0.9648	Whitehead Institute for Biomedical Research
5293	56603	Homo sapiens	GSM1680107	H3K27ac	BE2-C	Neuroblast	Brain	37.0	0.8817	0.984	473.0	0.10888	0.9592	Whitehead Institute for Biomedical Research
5419	57096	Homo sapiens	GSM1866701	H3K27ac	HCT-116	None	Colon	34.0	0.7566	0.946	2250.0	0.09308075	0.8894	UT Southwestern Medical Center
5439	57315	Homo sapiens	GSM1918425	H3K27ac	K562	Erythroblast	Bone Marrow	34.0	0.8673	0.807	131.0	0.0852423179656	0.6936	Brigham and Women's Hospital / Broad Institute of MIT and Harvard
5440	57316	Homo sapiens	GSM1918426	H3K27ac	K562	Erythroblast	Bone Marrow	34.0	0.88	0.8009999999999999	65.0	0.08076439131799999	0.6737468139339999	Brigham and Women's Hospital / Broad Institute of MIT and Harvard
5441	57317	Homo sapiens	GSM1918427	H3K27ac	K562	Erythroblast	Bone Marrow	35.0	0.8655	0.807	146.0	0.0663225	0.7884	Brigham and Women's Hospital / Broad Institute of MIT and Harvard
5453	57334	Homo sapiens	GSM1918444	H3K27ac	K562	Erythroblast	Bone Marrow	35.0	0.8851	0.82	145.0	0.0714342889195	0.8378	Brigham and Women's Hospital / Broad Institute of MIT and Harvard
5454	57335	Homo sapiens	GSM1918445	H3K27ac	K562	Erythroblast	Bone Marrow	36.0	0.8959	0.812	32.0	0.0630967691648	0.661144945189	Brigham and Women's Hospital / Broad Institute of MIT and Harvard
5455	57336	Homo sapiens	GSM1918446	H3K27ac	K562	Erythroblast	Bone Marrow	36.0	0.8854	0.856	99.0	0.0422165	0.845	Brigham and Women's Hospital / Broad Institute of MIT and Harvard
5456	57337	Homo sapiens	GSM1918447	H3K27ac	K562	Erythroblast	Bone Marrow	36.0	0.8822	0.8109999999999999	44.0	0.0631193078551	0.6274	Brigham and Women's Hospital / Broad Institute of MIT and Harvard
5457	57338	Homo sapiens	GSM1918448	H3K27ac	K562	Erythroblast	Bone Marrow	36.0	0.8985	0.821	133.0	0.0841687413634	0.775	Brigham and Women's Hospital / Broad Institute of MIT and Harvard
5458	57339	Homo sapiens	GSM1918449	H3K27ac	K562	Erythroblast	Bone Marrow	36.0	0.8985	0.812	31.0	0.0450073767601	0.6192	Brigham and Women's Hospital / Broad Institute of MIT and Harvard
5459	57340	Homo sapiens	GSM1918450	H3K27ac	K562	Erythroblast	Bone Marrow	35.0	0.8915	0.8170000000000001	47.0	0.0532476025792	0.58	Brigham and Women's Hospital / Broad Institute of MIT and Harvard
5460	57341	Homo sapiens	GSM1918451	H3K27ac	K562	Erythroblast	Bone Marrow	35.0	0.8985	0.826	53.0	0.0594610331227	0.697483179666	Brigham and Women's Hospital / Broad Institute of MIT and Harvard
5461	57342	Homo sapiens	GSM1918452	H3K27ac	K562	Erythroblast	Bone Marrow	35.0	0.9055	0.8420000000000001	14.0	0.0280605469698	0.5566	Brigham and Women's Hospital / Broad Institute of MIT and Harvard
5477	57361	Homo sapiens	GSM1918471	H3K27ac	K562	Erythroblast	Bone Marrow	35.0	0.8733	0.8909999999999999	148.0	0.0525915121141	0.80501174628	Brigham and Women's Hospital / Broad Institute of MIT and Harvard
5478	57362	Homo sapiens	GSM1918472	H3K27ac	K562	Erythroblast	Bone Marrow	35.0	0.8908	0.902	4.0	0.00531745944821	0.79012345679	Brigham and Women's Hospital / Broad Institute of MIT and Harvard
5479	57363	Homo sapiens	GSM1918473	H3K27ac	K562	Erythroblast	Bone Marrow	35.0	0.8702	0.888	206.0	0.0408561516735	0.82553491653	Brigham and Women's Hospital / Broad Institute of MIT and Harvard
5480	57364	Homo sapiens	GSM1918474	H3K27ac	K562	Erythroblast	Bone Marrow	34.0	0.8581	0.898	26.0	0.0142760215751	0.810240963855	Brigham and Women's Hospital / Broad Institute of MIT and Harvard
5481	57365	Homo sapiens	GSM1918475	H3K27ac	K562	Erythroblast	Bone Marrow	35.0	0.8846	0.899	62.0	0.0342206004075	0.8162790697669999	Brigham and Women's Hospital / Broad Institute of MIT and Harvard
5482	57366	Homo sapiens	GSM1918476	H3K27ac	K562	Erythroblast	Bone Marrow	35.0	0.8822	0.9	25.0	0.0112781621036	0.654228855721	Brigham and Women's Hospital / Broad Institute of MIT and Harvard
5483	57367	Homo sapiens	GSM1918477	H3K27ac	K562	Erythroblast	Bone Marrow	35.0	0.8768	0.8959999999999999	53.0	0.0266880434926	0.7689655172409999	Brigham and Women's Hospital / Broad Institute of MIT and Harvard
5484	57368	Homo sapiens	GSM1918478	H3K27ac	K562	Erythroblast	Bone Marrow	35.0	0.8757	0.904	18.0	0.0125443333871	0.8930232558140001	Brigham and Women's Hospital / Broad Institute of MIT and Harvard
5485	57369	Homo sapiens	GSM1918479	H3K27ac	K562	Erythroblast	Bone Marrow	35.0	0.8949	0.914	9.0	0.0061082166377700005	0.7659574468089999	Brigham and Women's Hospital / Broad Institute of MIT and Harvard
5559	57447	Homo sapiens	GSM1918557	H3K27ac	K562	Erythroblast	Bone Marrow	35.0	0.7243	0.918	1006.0	0.134052934265	0.9316	Brigham and Women's Hospital / Broad Institute of MIT and Harvard
5560	57448	Homo sapiens	GSM1918558	H3K27ac	K562	Erythroblast	Bone Marrow	35.0	0.6498	0.915	1365.0	0.17458775	0.9502	Brigham and Women's Hospital / Broad Institute of MIT and Harvard
5561	57449	Homo sapiens	GSM1918559	H3K27ac	K562	Erythroblast	Bone Marrow	35.0	0.7782	0.914	1152.0	0.16813025	0.9532	Brigham and Women's Hospital / Broad Institute of MIT and Harvard
5562	57450	Homo sapiens	GSM1918560	H3K27ac	K562	Erythroblast	Bone Marrow	35.0	0.7576	0.912	832.0	0.13638873491800002	0.9426	Brigham and Women's Hospital / Broad Institute of MIT and Harvard
5563	57451	Homo sapiens	GSM1918561	H3K27ac	K562	Erythroblast	Bone Marrow	34.0	0.7401	0.935	328.0	0.0595660250376	0.856953642384	Brigham and Women's Hospital / Broad Institute of MIT and Harvard
5564	57452	Homo sapiens	GSM1918562	H3K27ac	K562	Erythroblast	Bone Marrow	35.0	0.826	0.695	2187.0	0.4023597375240001	0.6372	Brigham and Women's Hospital / Broad Institute of MIT and Harvard
5565	57453	Homo sapiens	GSM1918563	H3K27ac	K562	Erythroblast	Bone Marrow	35.0	0.7977	0.71	2412.0	0.343838573932	0.75	Brigham and Women's Hospital / Broad Institute of MIT and Harvard
5566	57454	Homo sapiens	GSM1918564	H3K27ac	K562	Erythroblast	Bone Marrow	35.0	0.8388	0.7240000000000001	1407.0	0.284885198652	0.7918	Brigham and Women's Hospital / Broad Institute of MIT and Harvard
5567	57455	Homo sapiens	GSM1918565	H3K27ac	K562	Erythroblast	Bone Marrow	35.0	0.8161	0.7170000000000001	1953.0	0.309792	0.807	Brigham and Women's Hospital / Broad Institute of MIT and Harvard
5568	57456	Homo sapiens	GSM1918566	H3K27ac	K562	Erythroblast	Bone Marrow	33.0	0.8028	0.733	1039.0	0.246758903283	0.6938	Brigham and Women's Hospital / Broad Institute of MIT and Harvard
5569	57457	Homo sapiens	GSM1918567	H3K27ac	K562	Erythroblast	Bone Marrow	35.0	0.7819	0.812	288.0	0.135628887533	0.7654	Brigham and Women's Hospital / Broad Institute of MIT and Harvard
5570	57458	Homo sapiens	GSM1918568	H3K27ac	K562	Erythroblast	Bone Marrow	35.0		0.887	192.0	0.0748541555185	0.8232832882109999	Brigham and Women's Hospital / Broad Institute of MIT and Harvard
5571	57459	Homo sapiens	GSM1918569	H3K27ac	K562	Erythroblast	Bone Marrow	35.0	0.8013	0.843	553.0	0.15624116137900002	0.9438	Brigham and Women's Hospital / Broad Institute of MIT and Harvard
5572	57460	Homo sapiens	GSM1918570	H3K27ac	K562	Erythroblast	Bone Marrow	34.0	0.7937	0.828	434.0	0.14989177803	0.9412	Brigham and Women's Hospital / Broad Institute of MIT and Harvard
5573	57461	Homo sapiens	GSM1918571	H3K27ac	K562	Erythroblast	Bone Marrow	34.0	0.7583	0.843	214.0	0.0947707020941	0.7844	Brigham and Women's Hospital / Broad Institute of MIT and Harvard
5574	57462	Homo sapiens	GSM1918572	H3K27ac	K562	Erythroblast	Bone Marrow	35.0	0.8287	0.672	2711.0	0.475899482272	0.5816	Brigham and Women's Hospital / Broad Institute of MIT and Harvard
5575	57463	Homo sapiens	GSM1918573	H3K27ac	K562	Erythroblast	Bone Marrow	35.0	0.8039	0.6920000000000001	4075.0	0.421566797856	0.6544	Brigham and Women's Hospital / Broad Institute of MIT and Harvard
5576	57464	Homo sapiens	GSM1918574	H3K27ac	K562	Erythroblast	Bone Marrow	35.0	0.8420000000000001	0.708	2494.0	0.353523752008	0.7268	Brigham and Women's Hospital / Broad Institute of MIT and Harvard
5577	57465	Homo sapiens	GSM1918575	H3K27ac	K562	Erythroblast	Bone Marrow	35.0	0.8126	0.7040000000000001	4229.0	0.37649875	0.7258	Brigham and Women's Hospital / Broad Institute of MIT and Harvard
5578	57466	Homo sapiens	GSM1918576	H3K27ac	K562	Erythroblast	Bone Marrow	34.0	0.8073	0.7170000000000001	2090.0	0.318374172375	0.638	Brigham and Women's Hospital / Broad Institute of MIT and Harvard
5749	57822	Homo sapiens	GSM1481570	H3K27ac	MCF-7	Epithelium	Breast	39.0	0.8695	0.979	69.0	0.01122825	0.917805466238	Imperial College London
5750	57823	Homo sapiens	GSM1481571	H3K27ac	MCF-7	Epithelium	Breast	39.0	0.8404	0.959	1777.0	0.06575825	0.9618	Imperial College London
5751	57824	Homo sapiens	GSM1481572	H3K27ac	MCF-7	Epithelium	Breast	39.0	0.8461	0.964	2298.0	0.0830795	0.964	Imperial College London
6134	61939	Homo sapiens	GSM1866974	H3K27ac	HCT-116	None	Colon	38.0	0.8844	0.996	161.0	0.08141675	0.954	University of Southern California
6135	61940	Homo sapiens	GSM1866975	H3K27ac	HCT-116	None	Colon	37.0	0.8345	0.995	786.0	0.09461125	0.945	University of Southern California
6136	61941	Homo sapiens	GSM1866976	H3K27ac	HCT-116	None	Colon	38.0	0.8893	0.993	194.0	0.0946355	0.9528	University of Southern California
6137	61942	Homo sapiens	GSM1866978	H3K27ac	HCT-116	None	Colon	37.0	0.8839	0.975	5171.0	0.34594875	0.9624	University of Southern California
6138	61953	Homo sapiens	GSM1874105	H3K27ac	GM12878	B Lymphocyte	Blood	33.0	0.8687	0.971	3374.0	0.31567575	0.936	Genome Institute of Singapore
6139	61965	Homo sapiens	GSM1890730	H3K27ac	HCT-116	None	Colon	37.0	0.9247	0.985	5436.0	0.38087525	0.968	Genentech
6149	61976	Homo sapiens	GSM1915113	H3K27ac	IMR90	Fibroblast	Lung	36.0	0.8855	0.977	3422.0	0.45649225	0.9762	Yonsei University
6150	61977	Homo sapiens	GSM1915114	H3K27ac	IMR90	Fibroblast	Lung	36.0	0.9006	0.986	2576.0	0.48946375	0.9754	Yonsei University
6151	61978	Homo sapiens	GSM1915115	H3K27ac	IMR90	Fibroblast	Lung	36.0	0.8116	0.8420000000000001	1130.0	0.1842205	0.9066	Yonsei University
6172	62018	Homo sapiens	GSM2033070	H3K27ac	MCF-7	Epithelium	Breast	38.0	0.982	0.905	7.0	0.0053560000000000005	0.888235294118	KULeuven
6173	62019	Homo sapiens	GSM2033071	H3K27ac	MCF-7	Epithelium	Breast	38.0	0.9782	0.913	13.0	0.0110895	0.921536237869	KULeuven
6174	62020	Homo sapiens	GSM2036927	H3K27ac	MCF-7	Epithelium	Breast	39.0	0.8752	0.948	59.0	0.007229999999999999	0.871968068775	University of Canberra
6175	62021	Homo sapiens	GSM2036928	H3K27ac	MCF-7	Epithelium	Breast	39.0	0.8821	0.936	55.0	0.0093945	0.849376114082	University of Canberra
6193	62043	Homo sapiens	GSM2054696	H3K27ac	K562	Erythroblast	Bone Marrow	37.0	0.9067	0.955	696.0	0.319412	0.9694	University of Essex, School of Biological Science
6197	62060	Homo sapiens	GSM2068364	H3K27ac	LHCN-M2	Myoblast	Skeletal Muscle	38.0	0.918	0.979	259.0	0.033594	0.9412	University of Minnesota
6200	62068	Homo sapiens	GSM2098176	H3K27ac	IMR90	Fibroblast	Lung	39.0	0.906	0.957	23453.0	0.61730925	0.9574	Yonsei University
6201	62069	Homo sapiens	GSM2098177	H3K27ac	IMR90	Fibroblast	Lung	39.0	0.9153	0.97	8742.0	0.5469585	0.9754	Yonsei University
6202	62070	Homo sapiens	GSM2098178	H3K27ac	IMR90	Fibroblast	Lung	39.0	0.9114	0.988	6515.0	0.40174725	0.975	Yonsei University
6203	62071	Homo sapiens	GSM2098185	H3K27ac	IMR90	Fibroblast	Lung	38.0	0.6671	0.458	137.0	0.016375	0.916698220371	Yonsei University
6204	62072	Homo sapiens	GSM2098186	H3K27ac	IMR90	Fibroblast	Lung	38.0	0.846	0.838	3721.0	0.2249735	0.9696	Yonsei University
6210	62109	Homo sapiens	GSM2175555	H3K27ac	HCT-116	None	Colon	34.0	0.8313	0.974	7033.0	0.36158425	0.9738	Northwestern University Feinberg School of Medicine
6211	62110	Homo sapiens	GSM2175556	H3K27ac	HCT-116	None	Colon	34.0	0.8508	0.976	9224.0	0.3990125	0.972	Northwestern University Feinberg School of Medicine
6212	62111	Homo sapiens	GSM2175571	H3K27ac	HCT-116	None	Colon	34.0	0.8087	0.99	5114.0	0.17643075	0.967	Northwestern University Feinberg School of Medicine
6213	62112	Homo sapiens	GSM2175572	H3K27ac	HCT-116	None	Colon	34.0	0.8291	0.985	7754.0	0.2856075	0.973	Northwestern University Feinberg School of Medicine
6219	62161	Homo sapiens	GSM1574240	H3K27ac	PANC-1	None	Pancreas	39.0	0.8981	0.987	296.0	0.291906	0.9708	IRCCS San Raffaele Scientific Institute
6233	62177	Homo sapiens	GSM1666386	H3K27ac	NHEK	Keratinocyte	Skin	35.0	0.6885	0.985	7669.0	0.41096475	0.9784	University of California, Irvine
6248	62199	Homo sapiens	GSM1869136	H3K27ac	BJ	Fibroblast	Skin	39.0	0.8684	0.976	53.0	0.00843175	0.9036	IGBMC
6258	62250	Homo sapiens	GSM2037779	H3K27ac	BE2-C	Neuroblast	Brain	37.0	0.8727	0.986	189.0	0.06797675	0.945	Whitehead Institute for Biomedical Research
6259	62251	Homo sapiens	GSM2037780	H3K27ac	BE2-C	Neuroblast	Brain	39.0	0.9013	0.968	4923.0	0.28677225	0.969	Whitehead Institute for Biomedical Research
6298	62334	Homo sapiens	GSM2113518	H3K27ac	BE2-C	Neuroblast	Brain	39.0	0.9013	0.968	4923.0	0.28677225	0.969	Dana-Farber Cancer Institute
6356	62710	Homo sapiens	ENCSR102XUM_1	H3K27ac	A549	Epithelium	Lung	36.0	0.916	0.984	3211.0	0.29659	0.9738	None
6357	62711	Homo sapiens	ENCSR102XUM_2	H3K27ac	A549	Epithelium	Lung	36.0	0.9091	0.994	3260.0	0.254646	0.9714	None
6358	62712	Homo sapiens	ENCSR102XUM_3	H3K27ac	A549	Epithelium	Lung	36.0	0.9088	0.993	1692.0	0.2591165	0.974	None
6408	62925	Homo sapiens	ENCSR180YHA_1	H3K27ac	A549	Epithelium	Lung	36.0	0.9115	0.99	1517.0	0.28554775	0.9736	None
6409	62926	Homo sapiens	ENCSR180YHA_2	H3K27ac	A549	Epithelium	Lung	36.0	0.8715	0.994	491.0	0.14718625	0.9654	None
6410	62927	Homo sapiens	ENCSR180YHA_3	H3K27ac	A549	Epithelium	Lung	36.0	0.9089	0.955	896.0	0.19992475	0.9732	None
6439	63084	Homo sapiens	ENCSR242TBH_1	H3K27ac	A549	Epithelium	Lung	36.0	0.9134	0.985	5033.0	0.346231	0.9748	None
6440	63085	Homo sapiens	ENCSR242TBH_2	H3K27ac	A549	Epithelium	Lung	36.0	0.9143	0.994	1854.0	0.22290075	0.9696	None
6441	63086	Homo sapiens	ENCSR242TBH_3	H3K27ac	A549	Epithelium	Lung	36.0	0.9178	0.991	1548.0	0.267544	0.9726	None
6446	63095	Homo sapiens	ENCSR250EHC_1	H3K27ac	A549	Epithelium	Lung	36.0	0.9036	0.991	2480.0	0.27991825	0.9744	None
6447	63096	Homo sapiens	ENCSR250EHC_2	H3K27ac	A549	Epithelium	Lung	36.0	0.9077	0.995	826.0	0.18069175	0.9676	None
6477	63325	Homo sapiens	ENCSR340NAL_1	H3K27ac	A549	Epithelium	Lung	36.0	0.9055	0.986	4123.0	0.3023215	0.9754	None
6478	63326	Homo sapiens	ENCSR340NAL_2	H3K27ac	A549	Epithelium	Lung	36.0	0.8971	0.995	631.0	0.157986	0.9712	None
6479	63327	Homo sapiens	ENCSR340NAL_3	H3K27ac	A549	Epithelium	Lung	36.0	0.9101	0.995	1072.0	0.216871	0.9706	None
6487	63359	Homo sapiens	ENCSR350EFV_1	H3K27ac	A549	Epithelium	Lung	36.0	0.9059	0.994	644.0	0.17012275	0.9682	None
6488	63360	Homo sapiens	ENCSR350EFV_2	H3K27ac	A549	Epithelium	Lung	36.0	0.9104	0.995	1527.0	0.25395100000000004	0.9746	None
6489	63361	Homo sapiens	ENCSR350EFV_3	H3K27ac	A549	Epithelium	Lung	36.0	0.9084	0.977	3426.0	0.34535425	0.975	None
6536	63572	Homo sapiens	ENCSR435JKM_1	H3K27ac	A549	Epithelium	Lung	36.0	0.8927	0.996	562.0	0.12725175	0.9684	None
6537	63573	Homo sapiens	ENCSR435JKM_2	H3K27ac	A549	Epithelium	Lung	36.0	0.9105	0.991	2333.0	0.2760685	0.972	None
6538	63574	Homo sapiens	ENCSR435JKM_3	H3K27ac	A549	Epithelium	Lung	36.0	0.9094	0.988	3030.0	0.27833	0.972	None
6607	63850	Homo sapiens	ENCSR543ZVZ_1	H3K27ac	A549	Epithelium	Lung	36.0	0.9074	0.985	1981.0	0.2731705	0.972	None
6608	63851	Homo sapiens	ENCSR543ZVZ_2	H3K27ac	A549	Epithelium	Lung	36.0	0.9079	0.995	1710.0	0.2191755	0.971	None
6609	63852	Homo sapiens	ENCSR543ZVZ_3	H3K27ac	A549	Epithelium	Lung	36.0	0.9028	0.994	225.0	0.1303005	0.9684	None
6622	63922	Homo sapiens	ENCSR564IGJ_1	H3K27ac	SK-N-SH	Neuroblastoma cell	Brain	38.0		0.936	3786.0	0.45200075	0.9816	None
6623	63923	Homo sapiens	ENCSR564IGJ_2	H3K27ac	SK-N-SH	Neuroblastoma cell	Brain	38.0	0.9267	0.893	1679.0	0.2237075	0.9752	None
6629	63937	Homo sapiens	ENCSR569IBY_1	H3K27ac	A549	Epithelium	Lung	36.0	0.9022	0.993	1988.0	0.27029025	0.9736	None
6630	63938	Homo sapiens	ENCSR569IBY_2	H3K27ac	A549	Epithelium	Lung	36.0	0.9125	0.994	1714.0	0.250412	0.9732	None
6631	63939	Homo sapiens	ENCSR569IBY_3	H3K27ac	A549	Epithelium	Lung	36.0	0.9146	0.972	2591.0	0.33863375	0.9722	None
6644	64035	Homo sapiens	ENCSR614NPG_1	H3K27ac	A549	Epithelium	Lung	36.0	0.9083	0.995	558.0	0.188404	0.9686	None
6645	64036	Homo sapiens	ENCSR614NPG_2	H3K27ac	A549	Epithelium	Lung	36.0	0.9088	0.983	5522.0	0.34634025	0.9742	None
6646	64037	Homo sapiens	ENCSR614NPG_3	H3K27ac	A549	Epithelium	Lung	36.0	0.9133	0.991	1057.0	0.24620875	0.9698	None
6701	64324	Homo sapiens	ENCSR716XDB_1	H3K27ac	A549	Epithelium	Lung	36.0	0.9075	0.982	3277.0	0.3041325	0.9746	None
6702	64325	Homo sapiens	ENCSR716XDB_2	H3K27ac	A549	Epithelium	Lung	36.0	0.9042	0.994	661.0	0.1980705	0.9706	None
6703	64326	Homo sapiens	ENCSR716XDB_3	H3K27ac	A549	Epithelium	Lung	36.0	0.9105	0.992	1115.0	0.186534	0.9732	None
6725	64401	Homo sapiens	ENCSR752UOD_1	H3K27ac	MCF-7	Epithelium	Breast	38.0	0.8362	0.964	8738.0	0.520926	0.9786	None
6726	64402	Homo sapiens	ENCSR752UOD_2	H3K27ac	MCF-7	Epithelium	Breast	37.0	0.8324	0.93	2526.0	0.21134675	0.9736	None
6727	64403	Homo sapiens	ENCSR752UOD_3	H3K27ac	MCF-7	Epithelium	Breast	37.0	0.8153	0.8490000000000001	704.0	0.1422175	0.9582	None
6728	64404	Homo sapiens	ENCSR752UOD_4	H3K27ac	MCF-7	Epithelium	Breast	38.0	0.9178	0.946	531.0	0.19520225	0.9588	None
6755	64510	Homo sapiens	ENCSR783SNV_1	H3K27ac	A549	Epithelium	Lung	36.0	0.9003	0.992	2390.0	0.27861675	0.9744	None
6756	64511	Homo sapiens	ENCSR783SNV_2	H3K27ac	A549	Epithelium	Lung	36.0	0.9113	0.982	4570.0	0.34584725	0.9746	None
6757	64512	Homo sapiens	ENCSR783SNV_3	H3K27ac	A549	Epithelium	Lung	36.0	0.9118	0.995	1410.0	0.24328775	0.9712	None
7038	66393	Homo sapiens	GSM1835984	H3K27ac	HCT-116	None	Colon	38.0	0.7518	0.993	472.0	0.0301435	0.9502	Harvard Medical School
7039	66394	Homo sapiens	GSM1835983	H3K27ac	HCT-116	None	Colon	39.0	0.8031	0.99	1349.0	0.0916825	0.9636	Harvard Medical School
7040	66395	Homo sapiens	GSM1835982	H3K27ac	HCT-116	None	Colon	39.0	0.8393	0.993	1170.0	0.08437375	0.962	Harvard Medical School
7095	66454	Homo sapiens	GSM2341643	H3K27ac	IMR90	Fibroblast	Lung	35.0	0.8068	0.8109999999999999	319.0	0.0849585	0.9344	University of California, San Diego (UCSD)
7113	66489	Homo sapiens	GSM2175788	H3K27ac	MCF-7	Epithelium	Breast	37.0	0.8823	0.939	3431.0	0.231095	0.98	University of Southern California
7114	66490	Homo sapiens	GSM2175787	H3K27ac	MCF-7	Epithelium	Breast	36.0	0.8988	0.941	8127.0	0.57561875	0.9818	University of Southern California
7115	66491	Homo sapiens	GSM2175785	H3K27ac	MCF-7	Epithelium	Breast	37.0	0.8798	0.923	4254.0	0.23025425	0.9782	University of Southern California
7116	66492	Homo sapiens	GSM2175784	H3K27ac	MCF-7	Epithelium	Breast	37.0	0.7605	0.956	5957.0	0.36234775	0.9802	University of Southern California
7155	66609	Homo sapiens	GSM2466037	H3K27ac	PANC-1	None	Pancreas	39.0	0.8637	0.8740000000000001	1966.0	0.33925900000000003	0.9768	The University of Tokyo
7156	66610	Homo sapiens	GSM2466036	H3K27ac	PANC-1	None	Pancreas	39.0	0.851	0.826	2480.0	0.29957175	0.9758	The University of Tokyo
7157	66611	Homo sapiens	GSM2466035	H3K27ac	PANC-1	None	Pancreas	39.0	0.862	0.872	4513.0	0.20485875	0.9708	The University of Tokyo
7158	66612	Homo sapiens	GSM2466034	H3K27ac	PANC-1	None	Pancreas	39.0	0.8608	0.863	1919.0	0.2627265	0.9722	The University of Tokyo
7184	66715	Homo sapiens	GSM2483423	H3K27ac	MCF-7	Epithelium	Breast	35.0	0.6799	0.962	370.0	0.4649225	0.7634	Stanford University
7185	66716	Homo sapiens	GSM2483422	H3K27ac	MCF-7	Epithelium	Breast	35.0	0.6756	0.943	3549.0	0.639444	0.7706	Stanford University
7186	66717	Homo sapiens	GSM2483421	H3K27ac	MCF-7	Epithelium	Breast	35.0	0.6865	0.953	2656.0	0.557218	0.8216	Stanford University
7187	66718	Homo sapiens	GSM2483420	H3K27ac	MCF-7	Epithelium	Breast	35.0	0.6412	0.954	1810.0	0.44779425	0.8302	Stanford University
7188	66719	Homo sapiens	GSM2483419	H3K27ac	MCF-7	Epithelium	Breast	35.0	0.6574	0.962	24.0	0.06381675	0.713	Stanford University
7189	66720	Homo sapiens	GSM2483418	H3K27ac	MCF-7	Epithelium	Breast	35.0	0.6585	0.958	1038.0	0.40182475	0.8440000000000001	Stanford University
7190	66721	Homo sapiens	GSM2483417	H3K27ac	MCF-7	Epithelium	Breast	35.0	0.69	0.973	53.0	0.17276525	0.8588	Stanford University
7191	66722	Homo sapiens	GSM2483416	H3K27ac	MCF-7	Epithelium	Breast	35.0	0.6851	0.971	35.0	0.17226175	0.8858	Stanford University
7192	66723	Homo sapiens	GSM2483409	H3K27ac	MCF-7	Epithelium	Breast	35.0	0.7192	0.977	7.0	0.094831	0.941	Stanford University
7193	66724	Homo sapiens	GSM2483408	H3K27ac	MCF-7	Epithelium	Breast	35.0	0.7608	0.967	10.0	0.2285	0.9694	Stanford University
7215	66757	Homo sapiens	GSM2224581	H3K27ac	HCT-116	None	Colon	39.0	0.8725	0.84	2742.0	0.1183155	0.9734	Netherlands Cancer Institute
7246	66813	Homo sapiens	GSM2058026	H3K27ac	HCT-116	None	Colon	39.0	0.8747	0.995	1143.0	0.262175	0.975	Case Western Reserve University
7282	66905	Homo sapiens	GSM2476263	H3K27ac	MCF-7	Epithelium	Breast	39.0	0.8596	0.922	4696.0	0.5736685	0.9796	University of Toronto
7283	66906	Homo sapiens	GSM2476262	H3K27ac	MCF-7	Epithelium	Breast	39.0	0.8569	0.965	1620.0	0.298612	0.9808	University of Toronto
7284	66907	Homo sapiens	GSM2476261	H3K27ac	MCF-7	Epithelium	Breast	39.0	0.8466	0.965	1752.0	0.282403	0.9764	University of Toronto
7288	66911	Homo sapiens	GSM2406915	H3K27ac	A549	Epithelium	Lung	39.0	0.9102	0.978	806.0	0.20977475	0.9728	University Medical Center Goettingen
7289	66912	Homo sapiens	GSM2406914	H3K27ac	A549	Epithelium	Lung	39.0	0.9094	0.979	225.0	0.17312475	0.9646	University Medical Center Goettingen
7290	66913	Homo sapiens	GSM2406913	H3K27ac	A549	Epithelium	Lung	39.0	0.9119	0.976	1506.0	0.29762075	0.9764	University Medical Center Goettingen
7291	66914	Homo sapiens	GSM2406912	H3K27ac	A549	Epithelium	Lung	39.0	0.9005	0.982	2335.0	0.2569085	0.9754	University Medical Center Goettingen
7292	66915	Homo sapiens	GSM2406911	H3K27ac	A549	Epithelium	Lung	39.0	0.9035	0.976	1387.0	0.20438125	0.9734	University Medical Center Goettingen
7293	66916	Homo sapiens	GSM2406910	H3K27ac	A549	Epithelium	Lung	39.0	0.9061	0.984	752.0	0.19036375	0.9688	University Medical Center Goettingen
7294	66917	Homo sapiens	GSM2406909	H3K27ac	A549	Epithelium	Lung	39.0	0.2808	0.978	36.0	0.06070425	0.9232	University Medical Center Goettingen
7295	66918	Homo sapiens	GSM2406908	H3K27ac	A549	Epithelium	Lung	39.0	0.9029	0.984	825.0	0.19421775	0.97	University Medical Center Goettingen
7296	66919	Homo sapiens	GSM2406907	H3K27ac	A549	Epithelium	Lung	39.0	0.9014	0.985	785.0	0.1927005	0.9704	University Medical Center Goettingen
7297	66920	Homo sapiens	GSM2406906	H3K27ac	A549	Epithelium	Lung	39.0	0.8334	0.988	379.0	0.174375	0.9694	University Medical Center Goettingen
7298	66921	Homo sapiens	GSM2406905	H3K27ac	A549	Epithelium	Lung	39.0	0.9015	0.985	747.0	0.19550675	0.972	University Medical Center Goettingen
7299	66922	Homo sapiens	GSM2406904	H3K27ac	A549	Epithelium	Lung	39.0	0.9067	0.984	786.0	0.201459	0.9716	University Medical Center Goettingen
7317	66991	Homo sapiens	GSM2265672	H3K27ac	HCT-116	None	Colon	35.0	0.8809	0.982	5075.0	0.39676025	0.9738	Northwestern University Feinberg School of Medicine
7318	66992	Homo sapiens	GSM2265671	H3K27ac	HCT-116	None	Colon	34.0	0.8409	0.987	2612.0	0.29484275	0.9734	Northwestern University Feinberg School of Medicine
7319	66993	Homo sapiens	GSM2265670	H3K27ac	HCT-116	None	Colon	34.0	0.8369	0.982	4783.0	0.38321375	0.9738	Northwestern University Feinberg School of Medicine
7352	67094	Homo sapiens	GSM2035817	H3K27ac	NHEK	Keratinocyte	Skin	39.0	0.8306	0.955	189.0	0.029021	0.8892	University of California, Irvine
7353	67095	Homo sapiens	GSM2035816	H3K27ac	NHEK	Keratinocyte	Skin	39.0	0.8579	0.888	128.0	0.03346025	0.6588	University of California, Irvine
7354	67096	Homo sapiens	GSM2035810	H3K27ac	NHEK	Keratinocyte	Skin	38.0	0.8574	0.922	406.0	0.05755975	0.8276	University of California, Irvine
7355	67097	Homo sapiens	GSM2035809	H3K27ac	NHEK	Keratinocyte	Skin	39.0	0.8694	0.972	69.0	0.014443	0.6162	University of California, Irvine
7356	67098	Homo sapiens	GSM1662339	H3K27ac	NHEK	Keratinocyte	Skin	36.0	0.5731	0.893	5992.0	0.17291625	0.9742	University of California, Irvine
7357	67099	Homo sapiens	GSM1662338	H3K27ac	NHEK	Keratinocyte	Skin	36.0	0.5718	0.894	6044.0	0.17491025	0.9726	University of California, Irvine
7385	67158	Homo sapiens	GSM2309712	H3K27ac	K562	Erythroblast	Bone Marrow	34.0	0.5284	0.964	4993.0	0.47783225	0.9708	UT Southwestern Medical Center
7386	67159	Homo sapiens	GSM2309711	H3K27ac	K562	Erythroblast	Bone Marrow	34.0	0.8934	0.956	4021.0	0.5007305000000001	0.9746	UT Southwestern Medical Center
7387	67160	Homo sapiens	GSM2309710	H3K27ac	K562	Erythroblast	Bone Marrow	34.0	0.8755	0.949	2208.0	0.4453645000000001	0.9694	UT Southwestern Medical Center
7447	67551	Homo sapiens	GSM1890731	H3K27ac	HCT-116	Colon cancer cell	Colon	37.0	0.8328	0.997	292.0	0.00678275	0.357305936073	Genentech
7657	68382	Homo sapiens	GSM2068356	H3K27ac	LHCN-M2	Myoblast	Skeletal Muscle	38.0	0.9306	0.885	3114.0	0.1881365	0.9668	University of Minnesota
8359	71681	Homo sapiens	GSM2067523	H3K27ac	MCF-7	None	Breast	39.0	0.9125	0.988	4825.0	0.3657365	0.9814	University of Oxford
8360	71682	Homo sapiens	GSM2067522	H3K27ac	MCF-7	None	Breast	39.0	0.9076	0.989	5321.0	0.35698275	0.9792	University of Oxford
8361	71683	Homo sapiens	GSM2067521	H3K27ac	MCF-7	None	Breast	39.0	0.9131	0.988	4746.0	0.33667125	0.979	University of Oxford
8362	71684	Homo sapiens	GSM2067520	H3K27ac	MCF-7	None	Breast	39.0	0.906	0.992	4580.0	0.28643725	0.9792	University of Oxford
9384	81342	Homo sapiens	GSM2719754	H3K27ac	HCT-116	None	HCT116	36.0	0.879	0.992	1441.0	0.1122525	0.9706	Salk Institute for Biological Studies
9385	81343	Homo sapiens	GSM2719755	H3K27ac	HCT-116	None	HCT116	36.0	0.8475	0.993	949.0	0.088545	0.9676	Salk Institute for Biological Studies
9386	81344	Homo sapiens	GSM2719752	H3K27ac	HCT-116	None	HCT116	36.0	0.8829	0.993	1654.0	0.14122075	0.9696	Salk Institute for Biological Studies
9387	81345	Homo sapiens	GSM2719753	H3K27ac	HCT-116	None	HCT116	36.0	0.8722	0.993	560.0	0.06474075	0.9636	Salk Institute for Biological Studies
9388	81346	Homo sapiens	GSM2719750	H3K27ac	HCT-116	None	HCT116	36.0	0.87	0.993	1145.0	0.0497865	0.9636	Salk Institute for Biological Studies
9389	81347	Homo sapiens	GSM2719751	H3K27ac	HCT-116	None	HCT116	36.0	0.873	0.993	586.0	0.06165875	0.9642	Salk Institute for Biological Studies
9615	82334	Homo sapiens	GSM2667961	H3K27ac	HCT-116	None	HCT116	35.0	0.8492	0.969	7273.0	0.557779	0.9756	Northwestern University Feinberg School of Medicine
9616	82335	Homo sapiens	GSM2667960	H3K27ac	HCT-116	None	HCT116	34.0	0.9148	0.977	6259.0	0.5905705	0.979	Northwestern University Feinberg School of Medicine
9638	82437	Homo sapiens	GSM2258723	H3K27ac	MCF-7	Epithelium	Breast	38.0	0.8049	0.994	244.0	0.063216	0.9706	The University of Texas MD Anderson Cancer Center
9639	82438	Homo sapiens	GSM2258722	H3K27ac	MCF-7	Epithelium	Breast	37.0	0.8276	0.985	4587.0	0.4016155	0.9828	The University of Texas MD Anderson Cancer Center
9686	82647	Homo sapiens	GSM2401449	H3K27ac	BJ	Fibroblast	Skin	37.0	0.3154	0.946	2170.0	0.0835815	0.7762	HSCRB
9766	82897	Homo sapiens	GSM2740934	H3K27ac	HepG2	Epithelium	Liver	40.0	0.7837	0.998	2133.0	0.189744339295	0.9708	University of North Carolina Chapel Hill
9801	83014	Homo sapiens	GSM2712746	H3K27ac	HCT-116	None	HCT116	38.0	0.8869	0.992	902.0	0.2317815	0.9702	University of Colorado Boulder
9802	83015	Homo sapiens	GSM2712747	H3K27ac	HCT-116	None	HCT116	38.0	0.8153	0.994	1.0	4.97270635399e-05	0.8	University of Colorado Boulder
9803	83017	Homo sapiens	GSM2712748	H3K27ac	HCT-116	None	HCT116	38.0	0.8369	0.97	61.0	0.0392525	0.9154	University of Colorado Boulder
9804	83018	Homo sapiens	GSM2712749	H3K27ac	HCT-116	None	HCT116	38.0	0.9018	0.988	59.0	0.07752200000000001	0.9616	University of Colorado Boulder
9886	83393	Homo sapiens	GSM2664361	H3K27ac	SK-N-SH	Neuroblastoma cell	Brain	39.0	0.9952	0.99	211.0	0.2706505	0.9772	Institut Cochin
9932	83675	Homo sapiens	GSM2359488	H3K27ac	A549	Epithelium	Lung	38.0	0.8420000000000001	0.992	1310.0	0.24538175	0.9716	Whitehead Institute for Biomedical Research
10019	84243	Homo sapiens	GSM2877104	H3K27ac	K562	Erythroblast	Bone Marrow	34.0	0.8508	0.969	5003.0	0.526126	0.9706	UT Southwestern Medical Center
10020	84245	Homo sapiens	GSM2877103	H3K27ac	K562	Erythroblast	Bone Marrow	34.0	0.9173	0.968	4155.0	0.47189825	0.9682	UT Southwestern Medical Center
10079	84532	Homo sapiens	GSM2877120	H3K27ac	K562	Erythroblast	Bone Marrow	34.0	0.9173	0.972	2949.0	0.42882825	0.9684	UT Southwestern Medical Center
10109	84648	Homo sapiens	GSM2570011	H3K27ac	MCF-7	Epithelium	Breast	39.0	0.8975	0.993	2508.0	0.2473365	0.9756	Johns Hopkins University
10113	84698	Homo sapiens	GSM2740935	H3K27ac	HepG2	Epithelium	Liver	40.0	0.846	0.999	899.0	0.08793150000000001	0.9768	University of North Carolina Chapel Hill
10117	84766	Homo sapiens	GSM2571028	H3K27ac	HCT-116	None	HCT116	35.0	0.7932	0.979	757.0	0.163776863511	0.9596	Northwestern University Feinberg School of Medicine
10118	84767	Homo sapiens	GSM2571029	H3K27ac	HCT-116	None	HCT116	35.0	0.4992	0.97	6239.0	0.38852725	0.9732	Northwestern University Feinberg School of Medicine
10256	85283	Homo sapiens	GSM2809617	H3K27ac	HCT-116	None	Colon	39.0	0.9194	0.924	926.0	0.450253	0.9764	Baylor College of Medicine
10258	85293	Homo sapiens	GSM2809618	H3K27ac	HCT-116	None	Colon	39.0	0.9205	0.936	648.0	0.406846	0.9736	Baylor College of Medicine
10298	85454	Homo sapiens	GSM2719749	H3K27ac	HCT-116	None	HCT116	36.0	0.8743	0.992	647.0	0.0646275	0.9632	Salk Institute for Biological Studies
10299	85455	Homo sapiens	GSM2719748	H3K27ac	HCT-116	None	HCT116	36.0	0.8809999999999999	0.991	1722.0	0.143678	0.9742	Salk Institute for Biological Studies
10311	85474	Homo sapiens	GSM2040755	H3K27ac	GM12878	Lymphoblastoid	None	36.0	0.9356	0.94	1109.0	0.240386	0.9534	Stanford University
10314	85477	Homo sapiens	GSM2040756	H3K27ac	GM12878	Lymphoblastoid	None	36.0	0.9339	0.945	1072.0	0.2514735	0.9552	Stanford University
10425	85866	Homo sapiens	GSM2667958	H3K27ac	HCT-116	None	HCT116	35.0	0.9155	0.969	7160.0	0.496803	0.9758	Northwestern University Feinberg School of Medicine
10426	85867	Homo sapiens	GSM2667959	H3K27ac	HCT-116	None	HCT116	34.0	0.8706	0.987	248.0	0.134068722725	0.947272727273	Northwestern University Feinberg School of Medicine
10734	87274	Homo sapiens	GSM2712753	H3K27ac	HCT-116	None	HCT116	38.0	0.8802	0.998	3.0	0.000318852305226	1.0	University of Colorado Boulder
10735	87275	Homo sapiens	GSM2712752	H3K27ac	HCT-116	None	HCT116	36.0	0.8452	0.888	62.0	0.01879625	0.7708	University of Colorado Boulder
10736	87276	Homo sapiens	GSM2712751	H3K27ac	HCT-116	None	HCT116	35.0	0.6316	0.982	19.0	0.02291625	0.8842	University of Colorado Boulder
10737	87277	Homo sapiens	GSM2712750	H3K27ac	HCT-116	None	HCT116	38.0	0.868	0.987	16.0	0.03484725	0.9288	University of Colorado Boulder
10741	87281	Homo sapiens	GSM2712754	H3K27ac	HCT-116	None	HCT116	38.0	0.8809	0.972	34.0	0.01493425	0.8384	University of Colorado Boulder
10793	87498	Homo sapiens	GSM2977510	H3K27ac	BJ	Fibroblast	Skin	38.0		0.899	41.0	0.177013965911	0.8178913738019999	HSCRB
10845	87816	Homo sapiens	GSM2359494	H3K27ac	A549	Epithelium	Lung	38.0	0.8399	0.98	340.0	0.242164	0.9686	Whitehead Institute for Biomedical Research
10910	88337	Homo sapiens	GSM2740936	H3K27ac	HepG2	Epithelium	Liver	40.0	0.8708	1.0	188.0	0.193581156398	0.952867688813	University of North Carolina Chapel Hill
10911	88338	Homo sapiens	GSM2740937	H3K27ac	HepG2	Epithelium	Liver	40.0	0.8029999999999999	0.999	1372.0	0.11201175	0.9766	University of North Carolina Chapel Hill
10916	88354	Homo sapiens	GSM2877111	H3K27ac	K562	Erythroblast	Bone Marrow	34.0	0.9116	0.904	2555.0	0.416728	0.9698	UT Southwestern Medical Center
10917	88356	Homo sapiens	GSM2877112	H3K27ac	K562	Erythroblast	Bone Marrow	34.0	0.9188	0.965	4194.0	0.44853525	0.9674	UT Southwestern Medical Center
10918	88357	Homo sapiens	GSM2877119	H3K27ac	K562	Erythroblast	Bone Marrow	34.0	0.9166	0.971	3674.0	0.44801125	0.9706	UT Southwestern Medical Center
10941	88465	Homo sapiens	GSM2671300	H3K27ac	MCF-7	Epithelium	Breast	34.0	0.9276	0.986	3166.0	0.40190175	0.9786	Harvard Medical School
10958	88592	Homo sapiens	GSM2671297	H3K27ac	MCF-7	Epithelium	Breast	34.0	0.9227	0.986	1479.0	0.28454975	0.9782	Harvard Medical School
10959	88596	Homo sapiens	GSM2671298	H3K27ac	MCF-7	Epithelium	Breast	34.0	0.9235	0.986	3273.0	0.372585	0.9812	Harvard Medical School
10960	88597	Homo sapiens	GSM2671299	H3K27ac	MCF-7	Epithelium	Breast	34.0	0.9278	0.988	1802.0	0.33396750000000003	0.9778	Harvard Medical School
11006	88744	Homo sapiens	GSM2570005	H3K27ac	MCF-7	Epithelium	Breast	39.0	0.8989	0.995	2146.0	0.170308	0.9732	Johns Hopkins University
11010	88749	Homo sapiens	GSM2570008	H3K27ac	MCF-7	Epithelium	Breast	39.0	0.9	0.993	722.0	0.11032125	0.9624	Johns Hopkins University
11040	88908	Homo sapiens	GSM2571031	H3K27ac	HCT-116	None	HCT116	35.0	0.4322	0.974	5518.0	0.34602075	0.974	Northwestern University Feinberg School of Medicine
11041	88909	Homo sapiens	GSM2571030	H3K27ac	HCT-116	None	HCT116	35.0	0.7674	0.976	6035.0	0.381822	0.977	Northwestern University Feinberg School of Medicine
